Gene,demo1
ENSG00000078399,336
ENSG00000162367,2214
ENSG00000135363,3578
ENSG00000166407,0
ENSG00000107807,0
ENSG00000164438,0
ENSG00000136352,0
ENSG00000210082,203002
ENSG00000198804,442876
ENSG00000198886,281778
ENSG00000211459,27368
ENSG00000283293,0
ENSG00000276168,255
ENSG00000274012,0
ENSG00000198938,185992
ENSG00000202198,0
ENSG00000244734,73335
ENSG00000005381,486612
ENSG00000198727,99613
ENSG00000156508,274020
ENSG00000198888,122464
ENSG00000198712,193490
ENSG00000198763,111289
ENSG00000090382,298984
ENSG00000251562,39283
ENSG00000198786,121388
ENSG00000198899,103657
ENSG00000075624,318059
ENSG00000019582,87599
ENSG00000122862,301397
ENSG00000263934,4
ENSG00000163220,269188
ENSG00000188536,11489
ENSG00000277209,0
ENSG00000170345,61349
ENSG00000167658,78128
ENSG00000200087,71
ENSG00000132475,54016
ENSG00000137818,36070
ENSG00000087086,74326
ENSG00000166710,140134
ENSG00000100316,48979
ENSG00000143384,33317
ENSG00000184009,132361
ENSG00000070756,84490
ENSG00000169429,14883
ENSG00000206172,3392
ENSG00000124942,33690
ENSG00000125740,12277
ENSG00000089157,42594
ENSG00000198034,48447
ENSG00000108107,32069
ENSG00000140988,60997
ENSG00000133112,50526
ENSG00000143546,119721
ENSG00000137154,58779
ENSG00000142541,42952
ENSG00000231500,30330
ENSG00000012223,218449
ENSG00000198840,25143
ENSG00000067082,23308
ENSG00000174444,56298
ENSG00000167526,41866
ENSG00000038427,28741
ENSG00000149273,48366
ENSG00000197746,75487
ENSG00000111640,72454
ENSG00000147403,27107
ENSG00000026025,31348
ENSG00000135046,26543
ENSG00000142534,42492
ENSG00000044574,28743
ENSG00000212907,16147
ENSG00000172232,87295
ENSG00000179218,39363
ENSG00000198695,20946
ENSG00000196924,116327
ENSG00000204628,36887
ENSG00000187514,54581
ENSG00000197561,40441
ENSG00000135486,36742
ENSG00000265972,19201
ENSG00000204287,44164
ENSG00000269900,0
ENSG00000138326,31571
ENSG00000177606,27078
ENSG00000205542,51469
ENSG00000177954,14418
ENSG00000234745,43225
ENSG00000145425,21527
ENSG00000148303,34270
ENSG00000128016,13038
ENSG00000197756,21779
ENSG00000120129,33646
ENSG00000277027,0
ENSG00000112306,23845
ENSG00000108654,46330
ENSG00000145592,21538
ENSG00000074800,73534
ENSG00000142937,30215
ENSG00000136167,77377
ENSG00000108298,46003
ENSG00000173812,25062
ENSG00000144713,24165
ENSG00000147604,25787
ENSG00000008988,25240
ENSG00000177600,16108
ENSG00000174748,30541
ENSG00000163682,20409
ENSG00000122406,36642
ENSG00000105640,23817
ENSG00000100448,85551
ENSG00000096384,37559
ENSG00000245532,16050
ENSG00000168028,37000
ENSG00000080824,59573
ENSG00000167978,36174
ENSG00000166441,32460
ENSG00000197958,25166
ENSG00000071082,11192
ENSG00000248527,25908
ENSG00000160255,33126
ENSG00000162244,18250
ENSG00000164587,16234
ENSG00000010327,2557
ENSG00000198755,21619
ENSG00000135821,24648
ENSG00000157514,19516
ENSG00000204525,47608
ENSG00000100345,105170
ENSG00000161016,28508
ENSG00000147065,78714
ENSG00000143947,14433
ENSG00000109971,49503
ENSG00000084234,37082
ENSG00000105372,18583
ENSG00000110321,29311
ENSG00000030582,83816
ENSG00000142676,32330
ENSG00000274266,0
ENSG00000213741,9462
ENSG00000163660,9807
ENSG00000196415,109017
ENSG00000120738,8444
ENSG00000264940,2
ENSG00000089009,26213
ENSG00000100201,40405
ENSG00000100906,6824
ENSG00000170889,22391
ENSG00000200312,0
ENSG00000105193,18364
ENSG00000083845,15805
ENSG00000163131,39811
ENSG00000063177,13795
ENSG00000131469,24509
ENSG00000118113,53495
ENSG00000085265,80431
ENSG00000215301,16783
ENSG00000171863,18745
ENSG00000118181,23295
ENSG00000111348,67383
ENSG00000121691,24392
ENSG00000026508,23876
ENSG00000034510,16887
ENSG00000158710,33562
ENSG00000109475,6962
ENSG00000004939,33514
ENSG00000150991,23942
ENSG00000122026,18961
ENSG00000204592,42272
ENSG00000133742,20208
ENSG00000119535,57673
ENSG00000130066,23162
ENSG00000125691,29399
ENSG00000137801,466
ENSG00000213934,168
ENSG00000115268,11163
ENSG00000239002,0
ENSG00000169045,18750
ENSG00000197728,6614
ENSG00000181163,24785
ENSG00000211592,2667
ENSG00000122566,64044
ENSG00000130522,9522
ENSG00000087074,10305
ENSG00000167996,8770
ENSG00000110700,16782
ENSG00000114942,20481
ENSG00000067225,69051
ENSG00000116560,16173
ENSG00000087460,41653
ENSG00000169385,27410
ENSG00000121966,14282
ENSG00000101439,5898
ENSG00000221983,19021
ENSG00000229807,3
ENSG00000254772,0
ENSG00000206503,42912
ENSG00000162511,44792
ENSG00000233927,8094
ENSG00000167460,4413
ENSG00000188846,23793
ENSG00000185624,66563
ENSG00000197766,4467
ENSG00000166598,24387
ENSG00000147162,11866
ENSG00000137076,42306
ENSG00000164924,33586
ENSG00000169100,14413
ENSG00000182774,245
ENSG00000163931,57788
ENSG00000142669,11889
ENSG00000115306,9037
ENSG00000187109,18064
ENSG00000136942,14739
ENSG00000118503,1836
ENSG00000231389,16601
ENSG00000065978,33622
ENSG00000114391,11197
ENSG00000153187,34120
ENSG00000100097,3316
ENSG00000115956,15662
ENSG00000196549,3418
ENSG00000189060,15058
ENSG00000143549,46147
ENSG00000105835,16494
ENSG00000172757,32209
ENSG00000130255,9140
ENSG00000197471,37383
ENSG00000211895,1136
ENSG00000196531,8493
ENSG00000197629,26881
ENSG00000222328,0
ENSG00000021355,41212
ENSG00000115524,22664
ENSG00000172809,15307
ENSG00000105810,15489
ENSG00000075426,9720
ENSG00000198918,4729
ENSG00000124882,2207
ENSG00000143878,16500
ENSG00000110848,1420
ENSG00000108518,15466
ENSG00000266412,34533
ENSG00000115053,27231
ENSG00000002586,6499
ENSG00000059804,12583
ENSG00000127022,46938
ENSG00000171223,19509
ENSG00000171858,6721
ENSG00000081237,30364
ENSG00000233276,9636
ENSG00000243716,442
ENSG00000067560,38528
ENSG00000107738,22203
ENSG00000182899,12694
ENSG00000174059,2208
ENSG00000159840,17423
ENSG00000147454,19648
ENSG00000113648,18362
ENSG00000152518,9886
ENSG00000131051,10859
ENSG00000184897,6632
ENSG00000165119,29074
ENSG00000165168,37693
ENSG00000104408,15589
ENSG00000161970,386
ENSG00000137642,26793
ENSG00000160789,1818
ENSG00000127603,10685
ENSG00000144802,4160
ENSG00000105472,3187
ENSG00000164733,13369
ENSG00000196230,54318
ENSG00000198242,9921
ENSG00000009307,22455
ENSG00000189403,23825
ENSG00000265681,177
ENSG00000196126,18178
ENSG00000211896,2900
ENSG00000063046,21192
ENSG00000135535,11516
ENSG00000177575,2464
ENSG00000134419,2742
ENSG00000179820,13461
ENSG00000072274,14241
ENSG00000145741,17917
ENSG00000101347,11933
ENSG00000173020,46889
ENSG00000138071,40464
ENSG00000137309,17556
ENSG00000102879,33264
ENSG00000127528,11766
ENSG00000211899,2711
ENSG00000229117,10277
ENSG00000136826,4708
ENSG00000196262,36667
ENSG00000125538,1946
ENSG00000124766,2880
ENSG00000159140,14340
ENSG00000239839,41360
ENSG00000081320,11162
ENSG00000112096,13715
ENSG00000105223,2493
ENSG00000103187,31967
ENSG00000114353,29126
ENSG00000196565,11
ENSG00000173821,18682
ENSG00000121053,10518
ENSG00000107447,16
ENSG00000197249,28908
ENSG00000212232,36
ENSG00000188404,41184
ENSG00000077097,16817
ENSG00000124575,75
ENSG00000100650,15146
ENSG00000110955,15729
ENSG00000156482,12197
ENSG00000198744,959
ENSG00000196154,9206
ENSG00000166340,22531
ENSG00000179094,719
ENSG00000112773,7007
ENSG00000128272,13828
ENSG00000100644,7611
ENSG00000170571,19489
ENSG00000178209,20198
ENSG00000135218,6703
ENSG00000092199,24766
ENSG00000228253,7389
ENSG00000118816,22866
ENSG00000167552,12202
ENSG00000164104,23918
ENSG00000267519,1850
ENSG00000136527,10477
ENSG00000168066,13366
ENSG00000272398,26176
ENSG00000186468,4468
ENSG00000134333,21648
ENSG00000131236,31080
ENSG00000183283,17865
ENSG00000167615,8105
ENSG00000139644,30017
ENSG00000226777,952
ENSG00000119335,17658
ENSG00000163466,24458
ENSG00000187837,3545
ENSG00000152601,17301
ENSG00000140575,34496
ENSG00000077984,22806
ENSG00000159216,7619
ENSG00000102144,23187
ENSG00000164442,12329
ENSG00000213719,17870
ENSG00000122025,2173
ENSG00000051523,16779
ENSG00000128340,38425
ENSG00000182718,9678
ENSG00000115232,12900
ENSG00000123416,13722
ENSG00000175061,9458
ENSG00000211893,334
ENSG00000173334,6321
ENSG00000172270,17611
ENSG00000123066,9341
ENSG00000101425,48198
ENSG00000123384,10634
ENSG00000019991,5252
ENSG00000005961,1087
ENSG00000152291,17199
ENSG00000168298,338
ENSG00000153201,5608
ENSG00000197747,6782
ENSG00000124491,2428
ENSG00000000938,37343
ENSG00000214548,17
ENSG00000225630,5744
ENSG00000174231,10255
ENSG00000159388,6658
ENSG00000136156,18926
ENSG00000104904,23074
ENSG00000070081,19160
ENSG00000142657,32348
ENSG00000111679,16227
ENSG00000119801,4686
ENSG00000142347,29523
ENSG00000100664,6220
ENSG00000206560,5511
ENSG00000089597,18483
ENSG00000011600,7178
ENSG00000223609,3915
ENSG00000123146,15611
ENSG00000029363,6708
ENSG00000152558,23312
ENSG00000152795,10114
ENSG00000156976,13561
ENSG00000143761,13616
ENSG00000129351,15530
ENSG00000163751,2249
ENSG00000266714,8240
ENSG00000143669,28866
ENSG00000169896,38797
ENSG00000259001,4
ENSG00000281000,0
ENSG00000167004,19621
ENSG00000015479,72
ENSG00000144655,1462
ENSG00000089327,9350
ENSG00000197956,13176
ENSG00000133639,9528
ENSG00000120690,7960
ENSG00000105373,8676
ENSG00000164938,1470
ENSG00000163563,38914
ENSG00000185215,15396
ENSG00000155090,2283
ENSG00000075415,6841
ENSG00000183688,15607
ENSG00000166349,51
ENSG00000125354,5740
ENSG00000204469,18116
ENSG00000168264,10916
ENSG00000132182,15001
ENSG00000109332,16255
ENSG00000147140,17730
ENSG00000116741,18000
ENSG00000139318,9841
ENSG00000160796,24448
ENSG00000151726,17064
ENSG00000223865,6869
ENSG00000171988,4971
ENSG00000092820,9548
ENSG00000157557,3249
ENSG00000060138,5769
ENSG00000266074,3806
ENSG00000107372,6171
ENSG00000185198,2255
ENSG00000070831,19889
ENSG00000135916,4611
ENSG00000096060,6604
ENSG00000170315,3038
ENSG00000168906,9327
ENSG00000116754,5630
ENSG00000067048,4450
ENSG00000202538,10
ENSG00000169246,151
ENSG00000179583,3695
ENSG00000261371,28707
ENSG00000074370,9841
ENSG00000182944,12058
ENSG00000127951,13570
ENSG00000254431,1
ENSG00000078369,20101
ENSG00000116251,4719
ENSG00000080503,9839
ENSG00000170144,17049
ENSG00000131504,20475
ENSG00000237296,92
ENSG00000181222,6460
ENSG00000149516,26652
ENSG00000205581,16050
ENSG00000158578,5182
ENSG00000132465,345
ENSG00000204256,13308
ENSG00000153944,4520
ENSG00000112081,12696
ENSG00000100219,6421
ENSG00000069424,12752
ENSG00000118515,2496
ENSG00000169926,12013
ENSG00000109321,249
ENSG00000180530,5165
ENSG00000013441,3463
ENSG00000144381,12102
ENSG00000207005,10
ENSG00000066336,16640
ENSG00000198830,18472
ENSG00000011422,2470
ENSG00000134294,7500
ENSG00000137841,11516
ENSG00000111669,15392
ENSG00000117632,15468
ENSG00000179344,5633
ENSG00000184678,4673
ENSG00000168036,6059
ENSG00000184640,11518
ENSG00000188529,7121
ENSG00000282885,3
ENSG00000126709,2347
ENSG00000206596,1
ENSG00000196684,3707
ENSG00000152234,9576
ENSG00000105329,15395
ENSG00000254087,14576
ENSG00000196576,8745
ENSG00000166888,15306
ENSG00000169567,3634
ENSG00000114857,5584
ENSG00000117523,13539
ENSG00000134884,7632
ENSG00000005379,2902
ENSG00000273768,20
ENSG00000158615,4969
ENSG00000252010,1
ENSG00000110077,7091
ENSG00000169554,8678
ENSG00000197102,8377
ENSG00000113369,6710
ENSG00000234741,4615
ENSG00000130402,20179
ENSG00000185650,3277
ENSG00000078596,1885
ENSG00000104043,10514
ENSG00000004455,13602
ENSG00000184922,23032
ENSG00000177663,20890
ENSG00000102265,2346
ENSG00000148180,14026
ENSG00000143321,23306
ENSG00000065809,22838
ENSG00000133872,8380
ENSG00000117868,9474
ENSG00000116604,3586
ENSG00000011304,13860
ENSG00000124831,17718
ENSG00000160710,17969
ENSG00000126247,11947
ENSG00000124614,33
ENSG00000158195,14236
ENSG00000118513,14977
ENSG00000158869,8957
ENSG00000147677,10224
ENSG00000146278,4900
ENSG00000123505,4660
ENSG00000104093,11535
ENSG00000145675,4831
ENSG00000057608,14055
ENSG00000147872,1606
ENSG00000138668,15129
ENSG00000142192,19994
ENSG00000076928,15131
ENSG00000028137,17493
ENSG00000123338,12912
ENSG00000107581,15039
ENSG00000132002,3291
ENSG00000278249,0
ENSG00000102317,7215
ENSG00000093072,6709
ENSG00000131143,7975
ENSG00000184007,13685
ENSG00000103335,8868
ENSG00000114867,18661
ENSG00000136286,9839
ENSG00000132424,6295
ENSG00000169397,11756
ENSG00000108848,5671
ENSG00000048740,12365
ENSG00000170458,6035
ENSG00000166825,11226
ENSG00000140718,1828
ENSG00000137193,4309
ENSG00000130741,10524
ENSG00000171522,2240
ENSG00000120063,8471
ENSG00000084207,12121
ENSG00000134516,14543
ENSG00000204388,602
ENSG00000070214,10652
ENSG00000144028,17949
ENSG00000143119,8671
ENSG00000105323,17115
ENSG00000117984,7146
ENSG00000182095,11974
ENSG00000105701,8627
ENSG00000010610,2886
ENSG00000140678,7326
ENSG00000177156,23260
ENSG00000204389,3438
ENSG00000135390,7294
ENSG00000111371,6411
ENSG00000210196,1268
ENSG00000138434,5252
ENSG00000163221,35523
ENSG00000123358,1073
ENSG00000135404,12740
ENSG00000175567,6015
ENSG00000153234,152
ENSG00000163349,11450
ENSG00000180353,19596
ENSG00000102804,2341
ENSG00000108175,6403
ENSG00000127481,10122
ENSG00000107099,19308
ENSG00000059728,17202
ENSG00000168010,15794
ENSG00000133048,4262
ENSG00000071127,13614
ENSG00000112149,1179
ENSG00000100393,7580
ENSG00000130726,11034
ENSG00000013306,8654
ENSG00000102760,2585
ENSG00000182670,6305
ENSG00000198833,8410
ENSG00000090104,511
ENSG00000165732,7446
ENSG00000101160,11509
ENSG00000172236,2899
ENSG00000240342,6021
ENSG00000072778,6471
ENSG00000089280,9056
ENSG00000124193,7108
ENSG00000004399,4495
ENSG00000160883,16905
ENSG00000207389,0
ENSG00000260032,13842
ENSG00000162772,412
ENSG00000172543,998
ENSG00000106682,10688
ENSG00000136068,3551
ENSG00000116679,6655
ENSG00000130985,13296
ENSG00000180448,15797
ENSG00000084070,12242
ENSG00000100941,5948
ENSG00000156860,5358
ENSG00000073756,3103
ENSG00000166913,21191
ENSG00000100129,6808
ENSG00000079246,19967
ENSG00000119707,5165
ENSG00000086758,12678
ENSG00000167613,10062
ENSG00000204103,1918
ENSG00000116701,21858
ENSG00000253729,17285
ENSG00000118705,15833
ENSG00000089820,11067
ENSG00000152818,4580
ENSG00000142864,16260
ENSG00000062716,11902
ENSG00000120899,16899
ENSG00000141480,7751
ENSG00000104852,8901
ENSG00000147274,9670
ENSG00000120885,88
ENSG00000143933,7504
ENSG00000163554,2770
ENSG00000134531,1079
ENSG00000121064,6333
ENSG00000136938,12804
ENSG00000149806,8246
ENSG00000135387,13704
ENSG00000134107,2255
ENSG00000129675,9831
ENSG00000106211,1260
ENSG00000196628,1142
ENSG00000173801,2296
ENSG00000118971,6939
ENSG00000168918,15263
ENSG00000111885,6032
ENSG00000148175,25887
ENSG00000135829,14181
ENSG00000115091,19093
ENSG00000111144,26548
ENSG00000184584,6733
ENSG00000100985,33407
ENSG00000104267,4325
ENSG00000110719,4618
ENSG00000137575,12779
ENSG00000197043,18578
ENSG00000162231,11674
ENSG00000231925,16285
ENSG00000163527,12249
ENSG00000092841,13836
ENSG00000160932,2689
ENSG00000105220,21197
ENSG00000184588,1404
ENSG00000105993,3241
ENSG00000029534,5324
ENSG00000173575,6268
ENSG00000091409,3017
ENSG00000142227,7276
ENSG00000167548,10623
ENSG00000125505,8944
ENSG00000161638,6968
ENSG00000198502,984
ENSG00000165025,22195
ENSG00000198668,16036
ENSG00000064601,3714
ENSG00000169714,11849
ENSG00000177105,9003
ENSG00000113140,1618
ENSG00000197329,4034
ENSG00000042493,8394
ENSG00000109861,7312
ENSG00000170776,9373
ENSG00000102837,3052
ENSG00000196419,12785
ENSG00000140941,4271
ENSG00000060237,16633
ENSG00000072110,27571
ENSG00000108256,9717
ENSG00000179348,2705
ENSG00000130175,11781
ENSG00000141367,16638
ENSG00000225972,252
ENSG00000114978,13821
ENSG00000132205,8105
ENSG00000101265,17491
ENSG00000125810,10790
ENSG00000184357,108
ENSG00000145495,5485
ENSG00000165650,11614
ENSG00000104894,10903
ENSG00000244038,12745
ENSG00000099622,7825
ENSG00000129003,6993
ENSG00000140287,1117
ENSG00000163041,7505
ENSG00000103257,7608
ENSG00000186517,16502
ENSG00000179833,2718
ENSG00000007237,4702
ENSG00000169508,470
ENSG00000005893,12485
ENSG00000115677,14782
ENSG00000170893,91
ENSG00000198771,10997
ENSG00000153922,4795
ENSG00000141682,1620
ENSG00000163191,7907
ENSG00000131171,7788
ENSG00000196776,7631
ENSG00000104763,9575
ENSG00000175390,8812
ENSG00000245164,47
ENSG00000010244,8918
ENSG00000105887,12317
ENSG00000185864,192
ENSG00000197081,21069
ENSG00000170004,4823
ENSG00000076108,8259
ENSG00000142634,14803
ENSG00000135677,8557
ENSG00000185787,8171
ENSG00000005483,6223
ENSG00000131238,16481
ENSG00000135596,10200
ENSG00000100353,7528
ENSG00000153914,2657
ENSG00000082898,12708
ENSG00000178695,8301
ENSG00000123689,5379
ENSG00000177885,19709
ENSG00000130592,15243
ENSG00000132334,6118
ENSG00000148346,20923
ENSG00000091527,12876
ENSG00000140968,3162
ENSG00000110934,10441
ENSG00000105205,3554
ENSG00000099875,8223
ENSG00000241343,137
ENSG00000185862,18427
ENSG00000135679,2664
ENSG00000149781,11153
ENSG00000162909,5879
ENSG00000148773,19985
ENSG00000271503,6995
ENSG00000108953,5493
ENSG00000134308,10659
ENSG00000120705,4937
ENSG00000100813,10368
ENSG00000227706,1
ENSG00000115414,96
ENSG00000182568,3777
ENSG00000168488,9877
ENSG00000113389,1731
ENSG00000108582,10097
ENSG00000186407,12451
ENSG00000060558,2067
ENSG00000100300,8246
ENSG00000005844,6022
ENSG00000184226,6
ENSG00000198563,8110
ENSG00000156030,2370
ENSG00000102854,2
ENSG00000180747,271
ENSG00000109606,7142
ENSG00000117394,3721
ENSG00000104419,7672
ENSG00000136732,5224
ENSG00000100225,6071
ENSG00000149091,11265
ENSG00000110958,10882
ENSG00000110324,5242
ENSG00000198408,6470
ENSG00000147649,15037
ENSG00000185896,12047
ENSG00000185950,4721
ENSG00000153283,1625
ENSG00000172053,6841
ENSG00000113013,10930
ENSG00000197405,13128
ENSG00000120802,10964
ENSG00000116260,7732
ENSG00000276966,223
ENSG00000173442,12199
ENSG00000162889,7740
ENSG00000110367,9198
ENSG00000197903,598
ENSG00000165280,8852
ENSG00000127483,15164
ENSG00000105339,9903
ENSG00000105063,10879
ENSG00000134250,15709
ENSG00000007350,74
ENSG00000196535,8900
ENSG00000115415,5053
ENSG00000111913,12165
ENSG00000188229,9036
ENSG00000078804,984
ENSG00000124126,15046
ENSG00000161203,8750
ENSG00000143799,8724
ENSG00000139641,6904
ENSG00000157106,9774
ENSG00000133318,21740
ENSG00000182578,7116
ENSG00000111229,12654
ENSG00000125148,310
ENSG00000102007,7810
ENSG00000090376,10358
ENSG00000178035,7534
ENSG00000068831,9248
ENSG00000164821,16671
ENSG00000101596,14953
ENSG00000147526,8500
ENSG00000170525,3673
ENSG00000100380,10573
ENSG00000139083,6169
ENSG00000197448,6203
ENSG00000129824,6316
ENSG00000087266,7673
ENSG00000086061,6383
ENSG00000115738,2858
ENSG00000084754,11208
ENSG00000174437,6154
ENSG00000105968,9376
ENSG00000173726,5076
ENSG00000168385,7810
ENSG00000082074,14334
ENSG00000155506,11179
ENSG00000113387,4923
ENSG00000204472,7133
ENSG00000167470,4251
ENSG00000187239,9613
ENSG00000064607,7763
ENSG00000107438,4750
ENSG00000086730,7402
ENSG00000140564,5305
ENSG00000162923,7483
ENSG00000117139,2707
ENSG00000119314,18017
ENSG00000157404,4258
ENSG00000070961,3750
ENSG00000197694,6858
ENSG00000099783,10948
ENSG00000115875,8466
ENSG00000111331,11566
ENSG00000100368,9660
ENSG00000203875,5381
ENSG00000136436,8994
ENSG00000185201,13016
ENSG00000108679,1084
ENSG00000101782,4925
ENSG00000100823,8129
ENSG00000115310,13971
ENSG00000106546,1156
ENSG00000055609,8908
ENSG00000166501,12167
ENSG00000154127,2191
ENSG00000164754,10450
ENSG00000196371,8538
ENSG00000254470,14671
ENSG00000198355,1633
ENSG00000108828,18719
ENSG00000162711,1808
ENSG00000182831,2440
ENSG00000110090,6403
ENSG00000272196,18
ENSG00000069275,10455
ENSG00000005810,6046
ENSG00000237973,2054
ENSG00000148248,13329
ENSG00000142089,3925
ENSG00000005022,7781
ENSG00000137959,2322
ENSG00000099331,11790
ENSG00000197622,11888
ENSG00000033327,3716
ENSG00000155629,9974
ENSG00000100504,18626
ENSG00000100596,9748
ENSG00000120833,249
ENSG00000064115,10341
ENSG00000103222,3909
ENSG00000183255,6652
ENSG00000170759,9032
ENSG00000196547,7651
ENSG00000023191,4917
ENSG00000175215,9969
ENSG00000167173,5354
ENSG00000049323,537
ENSG00000168610,19228
ENSG00000132274,4610
ENSG00000164111,13425
ENSG00000132341,12431
ENSG00000100427,4881
ENSG00000124172,7358
ENSG00000022840,7112
ENSG00000175727,5761
ENSG00000155966,5292
ENSG00000196735,3555
ENSG00000169877,3236
ENSG00000082153,6580
ENSG00000075785,15980
ENSG00000140350,10990
ENSG00000117713,10077
ENSG00000140332,5106
ENSG00000214425,2110
ENSG00000124795,14759
ENSG00000172493,6997
ENSG00000081189,2460
ENSG00000132507,3303
ENSG00000135636,19291
ENSG00000087274,12941
ENSG00000056097,4865
ENSG00000135316,9082
ENSG00000003402,11003
ENSG00000135506,10429
ENSG00000120438,8255
ENSG00000112576,12186
ENSG00000155657,1639
ENSG00000104774,5287
ENSG00000166508,15517
ENSG00000065526,7797
ENSG00000221869,6705
ENSG00000196498,6671
ENSG00000252481,0
ENSG00000168071,13460
ENSG00000002834,21585
ENSG00000111011,3806
ENSG00000256235,1661
ENSG00000204463,10857
ENSG00000197111,4216
ENSG00000113916,11327
ENSG00000159339,22000
ENSG00000018280,8967
ENSG00000090060,13693
ENSG00000110876,11366
ENSG00000125753,17804
ENSG00000133226,6649
ENSG00000118855,8301
ENSG00000177733,8340
ENSG00000244879,2124
ENSG00000163346,2803
ENSG00000067167,8123
ENSG00000004468,2972
ENSG00000145287,15703
ENSG00000079805,9022
ENSG00000182179,3879
ENSG00000177731,6782
ENSG00000131149,7780
ENSG00000058668,11294
ENSG00000059588,2060
ENSG00000200320,0
ENSG00000162434,11362
ENSG00000157601,5356
ENSG00000116731,4070
ENSG00000135655,5650
ENSG00000111252,5351
ENSG00000169641,1372
ENSG00000173120,6775
ENSG00000106780,25377
ENSG00000114738,9462
ENSG00000006125,15254
ENSG00000005339,8347
ENSG00000106153,6482
ENSG00000162613,7230
ENSG00000121316,12251
ENSG00000151651,9867
ENSG00000165030,1775
ENSG00000068697,2658
ENSG00000104824,6513
ENSG00000086548,37048
ENSG00000126561,7700
ENSG00000075420,5692
ENSG00000101972,10906
ENSG00000014216,8016
ENSG00000106948,10559
ENSG00000182511,8816
ENSG00000151883,6187
ENSG00000131042,6807
ENSG00000138834,8553
ENSG00000101367,8128
ENSG00000146112,8933
ENSG00000203812,15
ENSG00000132589,17887
ENSG00000136490,6373
ENSG00000114120,2331
ENSG00000157540,5088
ENSG00000133246,8964
ENSG00000198625,4297
ENSG00000125772,4407
ENSG00000160014,12942
ENSG00000213639,5891
ENSG00000171490,5845
ENSG00000184014,8669
ENSG00000163902,14453
ENSG00000117410,5006
ENSG00000186716,4701
ENSG00000158373,827
ENSG00000159023,9899
ENSG00000058262,9792
ENSG00000123143,9352
ENSG00000143162,4919
ENSG00000197157,10553
ENSG00000120742,7338
ENSG00000124762,2931
ENSG00000101445,252
ENSG00000077549,10799
ENSG00000247556,10326
ENSG00000066294,3698
ENSG00000092929,11735
ENSG00000100364,7246
ENSG00000142798,2000
ENSG00000158050,307
ENSG00000124469,32446
ENSG00000147416,6395
ENSG00000146247,4875
ENSG00000078674,8356
ENSG00000132819,3528
ENSG00000130775,7474
ENSG00000095787,11050
ENSG00000136869,8835
ENSG00000088832,11179
ENSG00000152520,3981
ENSG00000160888,4217
ENSG00000162704,13756
ENSG00000113580,4733
ENSG00000172794,3843
ENSG00000173193,7560
ENSG00000100503,11740
ENSG00000127616,6019
ENSG00000124731,3613
ENSG00000117335,7559
ENSG00000169813,16020
ENSG00000073921,12081
ENSG00000161547,6364
ENSG00000089737,4146
ENSG00000091317,10481
ENSG00000121774,9838
ENSG00000167986,9461
ENSG00000124422,10405
ENSG00000156052,11400
ENSG00000114126,4056
ENSG00000155096,9429
ENSG00000116489,15036
ENSG00000112697,5871
ENSG00000149311,5930
ENSG00000064666,14370
ENSG00000140526,11053
ENSG00000125534,3566
ENSG00000134954,7775
ENSG00000116584,9889
ENSG00000112062,12127
ENSG00000129128,8454
ENSG00000122359,16239
ENSG00000113719,4872
ENSG00000124486,5733
ENSG00000204257,3764
ENSG00000122545,7808
ENSG00000157637,14141
ENSG00000198520,7016
ENSG00000153827,10165
ENSG00000052749,2263
ENSG00000090621,4641
ENSG00000035403,15231
ENSG00000163956,7432
ENSG00000185811,14083
ENSG00000156675,5156
ENSG00000133030,3299
ENSG00000171862,10600
ENSG00000174099,4439
ENSG00000172534,11145
ENSG00000184557,4032
ENSG00000197226,5552
ENSG00000205189,970
ENSG00000088882,2464
ENSG00000160593,13159
ENSG00000118640,6058
ENSG00000150093,8495
ENSG00000101336,9222
ENSG00000204482,6251
ENSG00000140105,6508
ENSG00000109046,7869
ENSG00000143507,697
ENSG00000179051,10069
ENSG00000115935,14614
ENSG00000131446,8334
ENSG00000109736,8691
ENSG00000163659,1300
ENSG00000054654,5711
ENSG00000161960,394
ENSG00000145703,7541
ENSG00000166226,4969
ENSG00000172932,8229
ENSG00000130508,10
ENSG00000089248,9455
ENSG00000113282,6689
ENSG00000186635,14165
ENSG00000198961,8773
ENSG00000012779,13990
ENSG00000156273,5211
ENSG00000115271,12906
ENSG00000083799,4163
ENSG00000115758,6768
ENSG00000113269,5260
ENSG00000143621,7322
ENSG00000100902,306
ENSG00000189067,13507
ENSG00000207513,0
ENSG00000099860,1741
ENSG00000087365,11002
ENSG00000117450,1892
ENSG00000203747,5000
ENSG00000198728,6942
ENSG00000178719,4248
ENSG00000180370,12136
ENSG00000123405,7231
ENSG00000182162,7082
ENSG00000277443,581
ENSG00000008083,5018
ENSG00000137876,3583
ENSG00000105397,9843
ENSG00000122565,7870
ENSG00000086232,5549
ENSG00000007062,1656
ENSG00000167895,15225
ENSG00000168461,22822
ENSG00000138964,5537
ENSG00000117616,4095
ENSG00000127314,10183
ENSG00000102034,6271
ENSG00000132510,3676
ENSG00000169403,6070
ENSG00000148730,14249
ENSG00000139278,3177
ENSG00000141959,7976
ENSG00000172936,9757
ENSG00000110422,8783
ENSG00000100242,6867
ENSG00000101474,14263
ENSG00000118680,8738
ENSG00000276043,5599
ENSG00000063244,9519
ENSG00000127914,4373
ENSG00000122257,3440
ENSG00000106624,757
ENSG00000115760,5854
ENSG00000104738,18647
ENSG00000113810,6413
ENSG00000170027,7889
ENSG00000062485,9248
ENSG00000101236,8440
ENSG00000007202,12486
ENSG00000136238,5845
ENSG00000047410,9311
ENSG00000278677,12
ENSG00000125347,2402
ENSG00000167522,6350
ENSG00000182149,4481
ENSG00000136279,7103
ENSG00000137161,10140
ENSG00000205937,5638
ENSG00000067900,8748
ENSG00000152192,2
ENSG00000108424,20403
ENSG00000169203,103
ENSG00000071894,7281
ENSG00000149428,6926
ENSG00000148700,13717
ENSG00000071054,11864
ENSG00000182934,10060
ENSG00000108405,496
ENSG00000127184,2444
ENSG00000108946,19113
ENSG00000008394,1657
ENSG00000141522,12894
ENSG00000177189,5041
ENSG00000173473,7013
ENSG00000100034,5782
ENSG00000104529,2417
ENSG00000138449,5004
ENSG00000126777,7845
ENSG00000140319,7418
ENSG00000072364,2935
ENSG00000196504,6390
ENSG00000135842,9497
ENSG00000125304,9914
ENSG00000171608,13838
ENSG00000070182,3555
ENSG00000125944,10611
ENSG00000104765,6100
ENSG00000165527,7936
ENSG00000025708,6925
ENSG00000140299,5944
ENSG00000144746,5651
ENSG00000088888,6451
ENSG00000237550,1581
ENSG00000106263,7306
ENSG00000118564,8827
ENSG00000095015,4015
ENSG00000111716,65
ENSG00000048828,9964
ENSG00000072501,12936
ENSG00000276368,15
ENSG00000125107,12135
ENSG00000156261,8016
ENSG00000105939,7932
ENSG00000170891,876
ENSG00000184205,631
ENSG00000132646,14635
ENSG00000108669,11310
ENSG00000124783,11438
ENSG00000108179,3237
ENSG00000160712,11845
ENSG00000125970,9558
ENSG00000198053,9274
ENSG00000206588,1
ENSG00000107566,9111
ENSG00000206652,11
ENSG00000088247,11417
ENSG00000112077,2364
ENSG00000164032,5380
ENSG00000132780,9073
ENSG00000213654,8247
ENSG00000215021,4553
ENSG00000205269,6052
ENSG00000184260,175
ENSG00000100599,7259
ENSG00000077147,7028
ENSG00000158470,27222
ENSG00000143870,11073
ENSG00000049618,5808
ENSG00000170248,9449
ENSG00000137462,3495
ENSG00000101608,7305
ENSG00000180354,2102
ENSG00000159346,6108
ENSG00000119508,55
ENSG00000257335,22426
ENSG00000101558,4787
ENSG00000117592,5372
ENSG00000115457,264
ENSG00000116062,5628
ENSG00000085117,6799
ENSG00000139218,9213
ENSG00000104870,4943
ENSG00000007944,998
ENSG00000115548,2531
ENSG00000107290,9235
ENSG00000180573,2078
ENSG00000155660,7519
ENSG00000105374,9259
ENSG00000165458,7931
ENSG00000197253,221
ENSG00000111897,6472
ENSG00000178982,4505
ENSG00000123136,5494
ENSG00000172322,9873
ENSG00000130816,12422
ENSG00000135018,6433
ENSG00000096746,7372
ENSG00000198911,10976
ENSG00000144224,5798
ENSG00000103657,4808
ENSG00000168175,4546
ENSG00000135624,8039
ENSG00000275023,7173
ENSG00000095564,4655
ENSG00000196358,460
ENSG00000130755,8204
ENSG00000083168,6045
ENSG00000130309,7433
ENSG00000156515,7883
ENSG00000244754,5152
ENSG00000149187,6548
ENSG00000078618,7402
ENSG00000099995,7524
ENSG00000158985,6988
ENSG00000106144,5091
ENSG00000206585,9
ENSG00000156467,3780
ENSG00000128322,294
ENSG00000069974,15978
ENSG00000204420,823
ENSG00000075618,959
ENSG00000119397,6632
ENSG00000143815,10955
ENSG00000151702,9462
ENSG00000092010,5310
ENSG00000112335,10443
ENSG00000081041,133
ENSG00000091592,1781
ENSG00000134287,7357
ENSG00000145907,7105
ENSG00000148841,3911
ENSG00000110852,1211
ENSG00000172354,9724
ENSG00000173744,4633
ENSG00000162783,2521
ENSG00000175265,837
ENSG00000221978,3677
ENSG00000112739,4796
ENSG00000072786,10769
ENSG00000071553,6025
ENSG00000138757,6871
ENSG00000241973,7042
ENSG00000153310,10700
ENSG00000111642,699
ENSG00000124782,4263
ENSG00000163932,9454
ENSG00000112531,7934
ENSG00000089053,4776
ENSG00000165997,706
ENSG00000118058,3986
ENSG00000235568,12996
ENSG00000147010,9719
ENSG00000163171,5145
ENSG00000101752,2984
ENSG00000198805,6827
ENSG00000270647,16206
ENSG00000163565,7007
ENSG00000163468,7073
ENSG00000153113,10336
ENSG00000159322,4440
ENSG00000125991,4929
ENSG00000114416,5941
ENSG00000131747,9232
ENSG00000134602,6843
ENSG00000174780,6317
ENSG00000111912,6178
ENSG00000197006,5650
ENSG00000164327,2741
ENSG00000123104,4313
ENSG00000043462,9196
ENSG00000138772,14889
ENSG00000125869,4
ENSG00000020633,2304
ENSG00000172845,6573
ENSG00000084463,4867
ENSG00000160410,5992
ENSG00000083857,0
ENSG00000185658,2742
ENSG00000136250,4188
ENSG00000156471,7172
ENSG00000125827,6041
ENSG00000168961,4953
ENSG00000111605,4433
ENSG00000137497,8236
ENSG00000167468,4147
ENSG00000198837,7958
ENSG00000173757,13438
ENSG00000273802,573
ENSG00000115355,5280
ENSG00000257923,7018
ENSG00000272888,982
ENSG00000133706,6279
ENSG00000068878,2849
ENSG00000198604,13583
ENSG00000121892,9462
ENSG00000034152,7823
ENSG00000184110,672
ENSG00000128989,6239
ENSG00000090013,3681
ENSG00000018510,6535
ENSG00000170348,9467
ENSG00000143851,7027
ENSG00000136810,5407
ENSG00000147251,8636
ENSG00000109787,4811
ENSG00000136295,3128
ENSG00000153253,3
ENSG00000092148,4856
ENSG00000134109,8126
ENSG00000187555,8372
ENSG00000100297,11600
ENSG00000140199,9708
ENSG00000106484,1661
ENSG00000012817,4856
ENSG00000104517,5212
ENSG00000137845,10007
ENSG00000286522,64
ENSG00000076641,5739
ENSG00000105202,5311
ENSG00000198176,9931
ENSG00000168003,4997
ENSG00000131669,2295
ENSG00000155463,4429
ENSG00000138722,337
ENSG00000065150,7656
ENSG00000077044,6197
ENSG00000164190,7916
ENSG00000142599,3905
ENSG00000102699,9153
ENSG00000253352,8137
ENSG00000132965,11237
ENSG00000107968,963
ENSG00000180879,4600
ENSG00000147459,7362
ENSG00000169710,10122
ENSG00000103653,6760
ENSG00000134900,3588
ENSG00000182054,10185
ENSG00000158517,5763
ENSG00000205268,3143
ENSG00000113575,4232
ENSG00000122218,7750
ENSG00000086598,9187
ENSG00000155368,3237
ENSG00000182220,7506
ENSG00000055332,7121
ENSG00000120709,3316
ENSG00000277075,473
ENSG00000101194,1527
ENSG00000188042,2897
ENSG00000101109,11224
ENSG00000184787,5230
ENSG00000085719,14595
ENSG00000115165,2757
ENSG00000124813,2050
ENSG00000161642,1939
ENSG00000115464,5373
ENSG00000145901,8782
ENSG00000163714,7182
ENSG00000091039,9928
ENSG00000094916,7059
ENSG00000110917,8447
ENSG00000143569,8900
ENSG00000104312,1110
ENSG00000180596,292
ENSG00000168685,255
ENSG00000141027,6562
ENSG00000120694,4819
ENSG00000100280,6705
ENSG00000112701,6092
ENSG00000119900,7541
ENSG00000103365,4783
ENSG00000206737,4
ENSG00000185728,2825
ENSG00000242125,2789
ENSG00000198189,4242
ENSG00000143110,5591
ENSG00000172890,5515
ENSG00000152804,1378
ENSG00000086062,5433
ENSG00000213445,12676
ENSG00000131389,9893
ENSG00000107331,2964
ENSG00000116209,4841
ENSG00000055163,9351
ENSG00000110395,7477
ENSG00000138674,6026
ENSG00000169826,6333
ENSG00000111670,3342
ENSG00000083896,4545
ENSG00000122034,5628
ENSG00000100055,3606
ENSG00000162736,5583
ENSG00000187955,14
ENSG00000178913,5383
ENSG00000118482,6358
ENSG00000257103,8312
ENSG00000076944,3120
ENSG00000131263,2415
ENSG00000005249,1544
ENSG00000170275,6053
ENSG00000140853,7555
ENSG00000141867,8127
ENSG00000110880,6870
ENSG00000027697,3307
ENSG00000146701,4906
ENSG00000130830,5617
ENSG00000152332,7261
ENSG00000266094,7453
ENSG00000110713,7035
ENSG00000138758,6075
ENSG00000164929,106
ENSG00000102908,2692
ENSG00000119917,2833
ENSG00000138795,69
ENSG00000089220,5002
ENSG00000113328,2364
ENSG00000198848,505
ENSG00000010671,6084
ENSG00000141582,1789
ENSG00000133606,4742
ENSG00000118523,8
ENSG00000072135,8143
ENSG00000184371,1645
ENSG00000015285,8927
ENSG00000157654,5356
ENSG00000213281,4199
ENSG00000150753,7753
ENSG00000171634,9279
ENSG00000124155,5490
ENSG00000162645,3152
ENSG00000023287,2740
ENSG00000115020,6916
ENSG00000203814,351
ENSG00000196562,4405
ENSG00000146731,6949
ENSG00000196730,1566
ENSG00000058673,14
ENSG00000109111,10520
ENSG00000179388,15
ENSG00000176438,3764
ENSG00000198399,5833
ENSG00000171310,5822
ENSG00000140740,5408
ENSG00000008438,11126
ENSG00000158856,1940
ENSG00000187147,1955
ENSG00000180357,3597
ENSG00000162747,13954
ENSG00000092201,10534
ENSG00000119138,706
ENSG00000178252,5925
ENSG00000100221,3614
ENSG00000116871,4498
ENSG00000147905,671
ENSG00000105401,7661
ENSG00000171298,3137
ENSG00000135966,3213
ENSG00000185591,9944
ENSG00000136997,4550
ENSG00000072818,3234
ENSG00000205336,835
ENSG00000100811,5451
ENSG00000100796,6101
ENSG00000184863,5240
ENSG00000185022,147
ENSG00000066926,2431
ENSG00000149100,4887
ENSG00000142102,2256
ENSG00000121104,4615
ENSG00000148400,6721
ENSG00000126012,5115
ENSG00000132485,2779
ENSG00000079308,2464
ENSG00000168214,7771
ENSG00000162402,4732
ENSG00000265185,48
ENSG00000172081,7796
ENSG00000172889,483
ENSG00000106066,3196
ENSG00000164047,2543
ENSG00000198624,2762
ENSG00000184216,5765
ENSG00000177084,11871
ENSG00000165671,5707
ENSG00000276550,4747
ENSG00000181555,6354
ENSG00000134824,3147
ENSG00000131002,2591
ENSG00000107742,487
ENSG00000176853,2475
ENSG00000112851,7233
ENSG00000182287,5645
ENSG00000170581,8055
ENSG00000138688,6920
ENSG00000169919,5533
ENSG00000170340,1507
ENSG00000189091,10318
ENSG00000129534,6403
ENSG00000198795,346
ENSG00000196850,2297
ENSG00000122122,5366
ENSG00000131473,13088
ENSG00000168769,6237
ENSG00000172216,4950
ENSG00000109920,3966
ENSG00000117724,4804
ENSG00000111540,11740
ENSG00000197451,8973
ENSG00000139289,22
ENSG00000175166,6280
ENSG00000104805,4186
ENSG00000168329,6047
ENSG00000138670,313
ENSG00000165312,1966
ENSG00000079432,4151
ENSG00000017260,4014
ENSG00000143537,9343
ENSG00000112308,6775
ENSG00000157600,4095
ENSG00000100365,9150
ENSG00000054598,2
ENSG00000133069,1271
ENSG00000285108,87
ENSG00000153147,6100
ENSG00000183508,1724
ENSG00000055208,6657
ENSG00000135604,4034
ENSG00000095303,1366
ENSG00000115307,5163
ENSG00000149269,9815
ENSG00000270882,6
ENSG00000133835,5031
ENSG00000121552,4097
ENSG00000100243,4932
ENSG00000143420,7846
ENSG00000104897,2387
ENSG00000145725,6477
ENSG00000213064,4059
ENSG00000196352,5734
ENSG00000085224,5097
ENSG00000109320,4408
ENSG00000103994,6884
ENSG00000096006,3003
ENSG00000047365,1759
ENSG00000103811,6043
ENSG00000171051,10296
ENSG00000161011,3776
ENSG00000172531,7760
ENSG00000119396,3380
ENSG00000105483,6265
ENSG00000141298,9277
ENSG00000134698,9246
ENSG00000110047,6584
ENSG00000107263,5430
ENSG00000180776,6250
ENSG00000110696,5179
ENSG00000162676,6062
ENSG00000169442,1186
ENSG00000178952,4694
ENSG00000117676,8149
ENSG00000069399,733
ENSG00000047849,5523
ENSG00000198231,7937
ENSG00000136758,8510
ENSG00000138095,8029
ENSG00000172243,3826
ENSG00000186298,5379
ENSG00000276085,428
ENSG00000135090,5024
ENSG00000188994,3190
ENSG00000174695,4630
ENSG00000251322,322
ENSG00000116001,2811
ENSG00000010278,1250
ENSG00000165672,3093
ENSG00000055483,3030
ENSG00000136929,3525
ENSG00000169860,410
ENSG00000169184,181
ENSG00000171867,2155
ENSG00000119318,7394
ENSG00000166197,5781
ENSG00000163297,6942
ENSG00000186660,3901
ENSG00000044115,7842
ENSG00000123908,4707
ENSG00000128815,6540
ENSG00000068650,7014
ENSG00000112118,11205
ENSG00000108819,9749
ENSG00000166428,816
ENSG00000089916,2863
ENSG00000106665,747
ENSG00000175455,5373
ENSG00000141429,5535
ENSG00000143226,6673
ENSG00000128050,9613
ENSG00000188895,11780
ENSG00000255587,5011
ENSG00000139679,1108
ENSG00000104341,1969
ENSG00000136051,5127
ENSG00000174718,9738
ENSG00000134352,1145
ENSG00000256269,2397
ENSG00000124570,4373
ENSG00000177200,4197
ENSG00000167258,4595
ENSG00000064012,3041
ENSG00000131016,127
ENSG00000238741,19
ENSG00000106052,5415
ENSG00000224470,2099
ENSG00000111335,4762
ENSG00000121741,2906
ENSG00000196092,52
ENSG00000131981,3994
ENSG00000104964,3346
ENSG00000176978,5963
ENSG00000136485,12307
ENSG00000255717,4363
ENSG00000185262,3592
ENSG00000146094,7571
ENSG00000164548,3921
ENSG00000105639,3176
ENSG00000176624,1856
ENSG00000196205,4281
ENSG00000132824,10265
ENSG00000097033,5483
ENSG00000100099,2610
ENSG00000067057,2454
ENSG00000008869,2917
ENSG00000084623,4963
ENSG00000146457,2932
ENSG00000109756,2434
ENSG00000101384,597
ENSG00000110665,5029
ENSG00000142875,2845
ENSG00000100030,12313
ENSG00000136628,6949
ENSG00000278217,0
ENSG00000130227,5520
ENSG00000126088,3316
ENSG00000115762,4944
ENSG00000165494,4180
ENSG00000166747,3225
ENSG00000135926,3007
ENSG00000163320,8537
ENSG00000120093,36
ENSG00000087245,12
ENSG00000142583,4503
ENSG00000128040,759
ENSG00000205339,7063
ENSG00000137776,6040
ENSG00000125835,3256
ENSG00000147394,552
ENSG00000173110,1120
ENSG00000173230,3199
ENSG00000154451,1116
ENSG00000133101,61
ENSG00000165678,7216
ENSG00000275993,137
ENSG00000077232,3917
ENSG00000099991,3586
ENSG00000064687,12864
ENSG00000176915,3973
ENSG00000144711,6328
ENSG00000143995,286
ENSG00000150593,6572
ENSG00000088448,3071
ENSG00000013810,8886
ENSG00000164091,8354
ENSG00000115523,347
ENSG00000100731,7164
ENSG00000125637,6834
ENSG00000197324,10087
ENSG00000166012,2526
ENSG00000186818,2464
ENSG00000109062,6154
ENSG00000087087,8005
ENSG00000107551,3027
ENSG00000162368,3446
ENSG00000162591,2475
ENSG00000071626,6615
ENSG00000107798,3832
ENSG00000203710,3452
ENSG00000169180,9165
ENSG00000134108,5150
ENSG00000052841,3855
ENSG00000159377,4960
ENSG00000061938,4688
ENSG00000167232,826
ENSG00000081154,5967
ENSG00000130811,4217
ENSG00000165175,4700
ENSG00000119922,3046
ENSG00000110514,3502
ENSG00000071564,4117
ENSG00000136731,12514
ENSG00000068724,4524
ENSG00000150995,1843
ENSG00000156738,148
ENSG00000113368,14152
ENSG00000116786,3474
ENSG00000165629,3531
ENSG00000141524,8410
ENSG00000088827,746
ENSG00000170881,1531
ENSG00000168209,563
ENSG00000143401,10642
ENSG00000083312,4492
ENSG00000184575,5644
ENSG00000088930,4773
ENSG00000004534,6587
ENSG00000112406,2985
ENSG00000109118,6933
ENSG00000146535,1943
ENSG00000051108,2675
ENSG00000152102,4811
ENSG00000171316,2228
ENSG00000112200,1861
ENSG00000105270,190
ENSG00000150459,3927
ENSG00000067066,7215
ENSG00000169504,2217
ENSG00000179639,1421
ENSG00000268043,986
ENSG00000158062,2927
ENSG00000013364,3885
ENSG00000196323,4972
ENSG00000162654,1798
ENSG00000118308,2261
ENSG00000184730,9463
ENSG00000177666,4322
ENSG00000174574,3919
ENSG00000166326,5997
ENSG00000127946,3925
ENSG00000103342,6982
ENSG00000184900,4108
ENSG00000114796,1105
ENSG00000257093,1286
ENSG00000196233,4053
ENSG00000113742,5047
ENSG00000173559,1174
ENSG00000122694,7119
ENSG00000164308,6029
ENSG00000113070,397
ENSG00000122644,841
ENSG00000154518,3236
ENSG00000278311,4394
ENSG00000134186,3759
ENSG00000153317,10665
ENSG00000158715,1300
ENSG00000124789,3615
ENSG00000100647,4542
ENSG00000109906,1469
ENSG00000127507,2764
ENSG00000146192,2098
ENSG00000146083,5712
ENSG00000159314,11159
ENSG00000110651,2515
ENSG00000196787,215
ENSG00000055917,8422
ENSG00000188647,4013
ENSG00000215030,576
ENSG00000123091,2403
ENSG00000182481,3412
ENSG00000042980,512
ENSG00000168675,933
ENSG00000138246,11147
ENSG00000198431,5150
ENSG00000169155,740
ENSG00000059377,2431
ENSG00000054118,11108
ENSG00000131873,7913
ENSG00000165502,5165
ENSG00000090686,4592
ENSG00000140264,4424
ENSG00000133657,4262
ENSG00000169629,249
ENSG00000123144,6720
ENSG00000137312,6773
ENSG00000079459,6733
ENSG00000135334,2982
ENSG00000164691,5122
ENSG00000155926,6439
ENSG00000015568,11
ENSG00000108510,6768
ENSG00000105383,4071
ENSG00000113558,3230
ENSG00000099942,5390
ENSG00000109685,10476
ENSG00000164880,5788
ENSG00000148672,4988
ENSG00000130635,562
ENSG00000112078,5796
ENSG00000148337,4962
ENSG00000116698,5620
ENSG00000108219,11683
ENSG00000164330,5
ENSG00000241743,17
ENSG00000160551,9509
ENSG00000198858,5593
ENSG00000134243,5873
ENSG00000112159,4061
ENSG00000058063,9972
ENSG00000144579,7266
ENSG00000136813,6525
ENSG00000130164,2208
ENSG00000253719,4198
ENSG00000169764,6181
ENSG00000008513,3699
ENSG00000182676,238
ENSG00000163453,2262
ENSG00000213625,3062
ENSG00000149212,4085
ENSG00000089693,4589
ENSG00000137409,3905
ENSG00000196235,5863
ENSG00000239998,6492
ENSG00000170540,3517
ENSG00000003756,3388
ENSG00000137486,3707
ENSG00000155849,6111
ENSG00000091490,939
ENSG00000174010,1070
ENSG00000158019,1089
ENSG00000023734,2741
ENSG00000149532,7131
ENSG00000095139,7202
ENSG00000101182,4824
ENSG00000144895,4157
ENSG00000196305,6894
ENSG00000185825,4219
ENSG00000164116,169
ENSG00000114331,9170
ENSG00000197632,1466
ENSG00000173660,4673
ENSG00000112787,2829
ENSG00000147548,8087
ENSG00000196866,6
ENSG00000159399,6784
ENSG00000173542,1906
ENSG00000215252,1156
ENSG00000164164,2990
ENSG00000164741,327
ENSG00000065135,6236
ENSG00000105967,2716
ENSG00000149131,586
ENSG00000185686,4
ENSG00000154188,452
ENSG00000189266,5503
ENSG00000124222,5082
ENSG00000123329,8240
ENSG00000181381,5041
ENSG00000148396,7759
ENSG00000126267,3784
ENSG00000123562,3444
ENSG00000100697,5205
ENSG00000173039,3325
ENSG00000092964,8425
ENSG00000121060,6390
ENSG00000175115,4695
ENSG00000249790,40
ENSG00000155659,164
ENSG00000067182,5679
ENSG00000196083,2687
ENSG00000153815,7139
ENSG00000101421,6789
ENSG00000141232,2605
ENSG00000171105,2734
ENSG00000198265,7315
ENSG00000139112,1690
ENSG00000108312,10237
ENSG00000131018,12221
ENSG00000198160,4155
ENSG00000141506,3190
ENSG00000064393,5091
ENSG00000105369,197
ENSG00000142208,5881
ENSG00000073792,3276
ENSG00000101150,6205
ENSG00000255302,4799
ENSG00000160991,4722
ENSG00000028277,3205
ENSG00000106261,5898
ENSG00000172115,2574
ENSG00000116337,2699
ENSG00000162924,1971
ENSG00000049860,4459
ENSG00000172661,3144
ENSG00000259207,59
ENSG00000196588,7736
ENSG00000172247,291
ENSG00000103249,3389
ENSG00000065427,5216
ENSG00000189043,3082
ENSG00000065882,9364
ENSG00000089639,6211
ENSG00000166963,364
ENSG00000172071,691
ENSG00000135956,5746
ENSG00000203668,2439
ENSG00000143751,1022
ENSG00000101361,5561
ENSG00000008130,8785
ENSG00000173064,4319
ENSG00000227671,2758
ENSG00000156575,1579
ENSG00000163736,55
ENSG00000138069,3430
ENSG00000116459,4718
ENSG00000131724,2572
ENSG00000159592,5881
ENSG00000140379,3191
ENSG00000023902,1371
ENSG00000164506,4168
ENSG00000188612,6733
ENSG00000113441,6997
ENSG00000106327,2375
ENSG00000179295,7014
ENSG00000125844,4797
ENSG00000175130,2267
ENSG00000105849,923
ENSG00000214022,4118
ENSG00000274536,3650
ENSG00000182446,8631
ENSG00000188921,4573
ENSG00000012660,10320
ENSG00000176994,2018
ENSG00000184840,5591
ENSG00000157933,2647
ENSG00000188906,6964
ENSG00000132466,5785
ENSG00000198055,8963
ENSG00000173889,3844
ENSG00000053254,4933
ENSG00000169967,5664
ENSG00000171603,5807
ENSG00000135047,813
ENSG00000100226,4502
ENSG00000183495,4575
ENSG00000100241,3954
ENSG00000010322,4695
ENSG00000038382,3401
ENSG00000101307,6026
ENSG00000179010,5365
ENSG00000090863,6229
ENSG00000130303,3194
ENSG00000128245,17955
ENSG00000197343,3293
ENSG00000213676,5286
ENSG00000155465,3288
ENSG00000224078,920
ENSG00000143742,4881
ENSG00000279602,405
ENSG00000213585,4967
ENSG00000171456,3904
